NODE1,LONG1,LAT1,COUNTRY1,DETAIL,DATASTATUS,NODEID1,DATAID
Adana,35.3289,37.0167,TR,nkn,exact,2074,tmcTRm1300_103a
Akkerman,30.35,46.200001,UA,nkn,exact,684,tmcTRm1300_057a
Aksehir,31.4164,38.3575,TR,nkn,exact,2499,tmcTRm1300_100a
Aleppo,37.166668,36.200001,SY,nkn,exact,231,tmcTRm1300_106a
Aleppo,37.166668,36.200001,SY,nkn,exact,231,tmcTRm1300_105a
Amasra,32.3867,41.745,TR,nkn,exact,2514,tmcTRm1300_160a
Amasya,35.8331,40.6533,TR,nkn,exact,2500,tmcTRm1300_087a
Ancona,13.5,43.633331,IT,nkn,exact,2,tmcTRm1300_131a
Ankara,32.866669,39.933334,TR,nkn,exact,769,tmcTRm1300_098a
Antalya,30.7,36.8833,UA,nkn,exact,2018,tmcTRm1300_172a
Argos,22.7333,37.6333,GR,nkn,exact,2474,tmcTRm1300_030a
Athens,23.733334,37.983334,GR,nkn,exact,866,tmcTRm1300_031a
Avlonya,19.4897,40.4667,AL,nkn,exact,2481,tmcTRm1300_079a
Aydos,27.25,42.7,BG,nkn,exact,2465,tmcTRm1300_020a
Azov,39.413612,47.110001,RU,nkn,exact,280,tmcTRm1300_064a
Babadag,28.7167,44.9,RO,nkn,exact,2467,tmcTRm1300_016a
Baghdad,44.39389,33.338612,IQ,nkn,exact,1635,tmcTRm1300_117a
Bahcesaray,33.8667,44.75,UA,nkn,exact,2488,tmcTRm1300_061a
Balikesir,27.8861,39.6492,TR,nkn,exact,2501,tmcTRm1300_119a
Beirut,35.509724,33.871944,LB,nkn,exact,29,tmcTRm1300_114a
Belgrade,20.5,44.833332,CS,nkn,exact,903,tmcTRm1300_004a
Birecik,37.966667,37.033333,TR,nkn,exact,243,tmcTRm1300_109a
Bolu,31.6061,40.7358,TR,nkn,exact,2502,tmcTRm1300_082a
Brashov,25.5833,45.6333,RO,nkn,exact,2492,tmcTRm1300_073a
Bucharest,26.1,44.4333,RO,nkn,exact,2489,tmcTRm1300_047a
Buda,19.05,47.5,HU,nkn,exact,925,tmcTRm1300_001a
Bursa,29.067,40.2,TR,nkn,exact,929,tmcTRm1300_093a
Caffa,35.383331,45.033333,TR,nkn,exact,241,tmcTRm1300_163a
Cesme,26.3064,38.3228,TR,nkn,exact,2029,tmcTRm1300_154a
Corinth,22.917,37.933,GR,nkn,exact,84,tmcTRm1300_031a
Corlu,27.8,41.1592,TR,nkn,exact,2464,tmcTRm1300_015a
Coron,21.95,36.8,GR,nkn,exact,2530,tmcTRm1300_147a
Damascus,36.299999,33.5,SY,nkn,exact,48,tmcTRm1300_106a
Dibra,20.5275,41.525,MK,nkn,exact,2484,tmcTRm1300_041a
Diyarbekir,40.2106,37.9189,TR,nkn,exact,2031,tmcTRm1300_111a
Dubrovnik,18.088612,42.650555,HR,nkn,exact,920,tmcTRm1300_013a
Durazzo,19.433332,41.316666,AL,nkn,exact,51,tmcTRm1300_132a
Edirne,26.566668,41.666668,TR,nkn,exact,900,tmcTRm1300_070a
Elbasan,20.083332,41.099998,AL,nkn,exact,943,tmcTRm1300_078a
Ergiri,20.1389,40.0758,AL,nkn,exact,2482,tmcTRm1300_039a
Erzincan,39.4928,39.7522,TR,nkn,exact,2503,tmcTRm1300_089a
Erzurum,41.283333,39.916668,TR,nkn,exact,238,tmcTRm1300_129a
Eskisehir,30.5333,39.7667,TR,nkn,exact,2012,tmcTRm1300_149a
Essek,18.6939,45.5511,HR,nkn,exact,2460,tmcTRm1300_003a
Famagusta,33.95,35.125,CY,nkn,exact,2498,tmcTRm1300_169a
Filibe,24.75,42.150002,BG,nkn,exact,902,tmcTRm1300_007a
frk01-tmc050503,22.54,40.5014,GR,?Aiginion,exact,2473,tmcTRm1300_026a
frk02-tmc050503,21.7864,40.3011,GR,?Kozani,exact,2478,tmcTRm1300_028a
frk03-tmc050503,20.6239,39.8878,GR,?Kalpakion,exact,2475,tmcTRm1300_038a
frk04-tmc050503,27.4333,43.1833,BG,?Provadiya,exact,2469,tmcTRm1300_019a
frk05-tmc050503,28.5936,46.8258,MD,?Hincesti,exact,2494,tmcTRm1300_055a
frk06-tmc050503,34.4667,41.0833,TR,?Hacihamza,exact,2521,tmcTRm1300_084a
Gallipoli,26.666668,40.400002,TR,?Kavak,exact,942,tmcTRm1300_022a
Giurgiu,25.9667,43.8833,RO,nkn,exact,2490,tmcTRm1300_071a
Isaccea,28.4667,45.2667,RO,nkn,exact,2466,tmcTRm1300_016a
Iskenderun,36.165,36.5817,TR,nkn,exact,2504,tmcTRm1300_105a
Isparta,30.5522,37.7644,TR,nkn,exact,2111,tmcTRm1300_122a
Istanbul,28.966667,41.016666,TR,nkn,exact,71,tmcTRm1300_158a
Izmir,27.15,38.416668,TR,nkn,exact,73,tmcTRm1300_095a
Izmit,29.917,40.783,TR,nkn,exact,74,tmcTRm1300_082a
Jassy,27.6,47.166668,RO,nkn,exact,1352,tmcTRm1300_053a
Joannina,20.8508,39.6675,GR,nkn,exact,2476,tmcTRm1300_035a
Kanizsa,16.9717,46.5142,HU,nkn,exact,2517,tmcTRm1300_069a
Karaman,33.215,37.1811,TR,nkn,exact,2505,tmcTRm1300_101a
Kastamonu,33.7711,41.3722,TR,nkn,exact,2506,tmcTRm1300_123a
Kayseri,35.5,38.716667,TR,nkn,exact,772,tmcTRm1300_127a
Kilia,29.2667,45.45,UA,nkn,exact,2496,tmcTRm1300_057a
Koloszvar,23.6,46.7667,RO,nkn,exact,2512,tmcTRm1300_073a
Konya,32.516666,37.866669,TR,nkn,exact,770,tmcTRm1300_100a
Kostence,28.667,44.2,RO,nkn,exact,43,tmcTRm1300_158a
Kustendil,22.6911,42.2839,BG,nkn,exact,2462,tmcTRm1300_009a
Kutahya,29.9833,39.4242,TR,nkn,exact,2507,tmcTRm1300_121a
loc01-tmc050503,25.040277,48.530556,UA,?Kolomyja,exact,1322,tmcTRm1300_051a
loc02-tmc050503,25.933332,48.299999,UA,?Czerniowce,exact,1347,tmcTRm1300_052a
loc03-tmc050503,27.7833,47.1333,RO,?Cecora,exact,2495,tmcTRm1300_067a
loc04-tmc050503,28.4,44.2167,RO,?Poarta Alba; ?Provadiya,exact,2468,tmcTRm1300_018a
loc05-tmc050503,26.2994,41.1919,GR,?Suflion,exact,2471,tmcTRm1300_023a
loc06-tmc050503,26.17,40.8956,GR,?Ferai,exact,2477,tmcTRm1300_024a
loc07-tmc050503,26.8819,40.6031,TR,?Kavak,exact,2470,tmcTRm1300_022a
loc08-tmc050503,22.4333,38.9,GR,?Lamia,exact,2479,tmcTRm1300_033a
loc09-tmc050503,48.049168,46.349445,RU,?Astrakhan,exact,274,tmcTRm1300_064a
loc10-tmc050503,22.8833,47.8,RO,?Satu Mare,exact,2513,tmcTRm1300_074a
loc11-tmc050503,32,46.9667,UA,?Mykolayiv,exact,2519,tmcTRm1300_080a
loc12-tmc050503,26.6856,40.3442,TR,?Lapseki,exact,2522,tmcTRm1300_092a
loc13-tmc050503,36.2022,36.9539,TR,?Erzin,exact,2523,tmcTRm1300_104a
loc14-tmc050503,35.933,31.95,JO,?Amman,exact,13,tmcTRm1300_107a
loc15-tmc050503,38.5481,35.8367,SY,?Ath Thawrah,exact,2524,tmcTRm1300_116a
loc16-tmc050503,37.55,47.1,UA,?Mariupol,exact,2525,tmcTRm1300_130a
loc17-tmc050503,29.1567,40.4331,TR,?Gemlik,exact,2561,tmcTRm1300_096a
loc18-tmc050503,29.2847,40.6536,TR,?Yalova;?Gebze,exact,2562,tmcTRm1300_174a
loc19-tmc050503,29.4306,40.7978,TR,?Gebze,exact,2149,tmcTRm1300_081a
Lwow,24,49.833332,UA,?Kolomyja,exact,557,tmcTRm1300_051a
Manisa,27.4261,38.6131,TR,nkn,exact,2036,tmcTRm1300_094a
Mohacs,18.6831,45.9931,HU,nkn,exact,2458,tmcTRm1300_001a
Monastir,21.333332,41.033333,MK,nkn,exact,945,tmcTRm1300_029a
Mostar,17.8081,43.3433,BA,nkn,exact,2167,tmcTRm1300_075a
Nish,21.9,43.316666,CS,nkn,exact,941,tmcTRm1300_004a
Ohrida,20.799999,41.116669,MK,nkn,exact,944,tmcTRm1300_040a
Oltenita,26.6333,44.0833,RO,nkn,exact,2497,tmcTRm1300_047a
Or-kapi,33.700001,46.166668,UA,nkn,exact,1292,tmcTRm1300_061a
Osmancik,34.7981,40.9714,TR,nkn,exact,2508,tmcTRm1300_086a
Otranto,18.5,40.15,IT,nkn,exact,2526,tmcTRm1300_134a
Ozu,32.599998,46.633331,UA,nkn,exact,560,tmcTRm1300_060a
Pecs,18.2333,46.0833,HU,nkn,exact,2518,tmcTRm1300_069a
Phocaea,26.7567,38.6706,TR,nkn,exact,2509,tmcTRm1300_119a
Prevesa,20.75,38.95,GR,nkn,exact,2486,tmcTRm1300_035a
Prishtina,21.1667,42.6667,CS,nkn,exact,2463,tmcTRm1300_012a
Prizren,20.7397,42.2139,CS,nkn,exact,2487,tmcTRm1300_042a
Rhodes,28.217,36.433,GR,nkn,approx,138,tmcTRm1300_166a
Salonika,22.933,40.633,GR,nkn,exact,167,tmcTRm1300_026a
Sarajevo,18.383,43.85,BA,nkn,exact,971,tmcTRm1300_075a
Sayda,35.368889,33.563057,LB,nkn,exact,145,tmcTRm1300_115a
Scutari,19.5131,42.0675,AL ,nkn,exact,2485,tmcTRm1300_041a
sealoc01-tmc050503,14.9918,44.0957,HR,nkn,approx,2532,tmcTRm1300_136a
sealoc02-tmc050503,15.9879,43.3766,HR,nkn,approx,2533,tmcTRm1300_137a
sealoc03-tmc050503,16.94301711,42.89502219,HR,nkn,approx,2534,tmcTRm1300_139a
sealoc04-tmc050503,19.24073043,40.63075,AL,nkn,approx,2550,tmcTRm1300_143a
sealoc05-tmc050503,19.2158,40.4329,AL,nkn,approx,2535,tmcTRm1300_141a
sealoc06-tmc050503,19.961487,39.82168,GR,nkn,approx,2551,tmcTRm1300_141a
sealoc07-tmc050503,19.919722,39.619999,GR,?Korfu,exact,951,tmcTRm1300_142a
sealoc08-tmc050503,20.5408,38.7785,GR,nkn,approx,2536,tmcTRm1300_146a
sealoc09-tmc050503,20.2129,38.036,GR,nkn,approx,2537,tmcTRm1300_146a
sealoc10-tmc050503,22.5189,36.3504,GR,nkn,approx,2538,tmcTRm1300_148a
sealoc11-tmc050503,23.2238,36.4172,GR,nkn,approx,2539,tmcTRm1300_151a
sealoc12-tmc050503,24.3885,37.4871,GR,nkn,approx,2540,tmcTRm1300_152a
sealoc13-tmc050503,24.9812,37.6877,GR,nkn,approx,2541,tmcTRm1300_153a
sealoc14-tmc050503,26.2416,38.8914,GR,nkn,approx,2542,tmcTRm1300_154a
sealoc15-tmc050503,25.7275,39.1672,GR,nkn,approx,2543,tmcTRm1300_156a
sealoc16-tmc050503,26.333602,40.185728,TR,nkn,approx,2544,tmcTRm1300_157a
sealoc17-tmc050503,32.9133,42.1182,TR,nkn,approx,2545,tmcTRm1300_160a
sealoc18-tmc050503,26.3479,37.1751,GR,nkn,approx,2547,tmcTRm1300_165a
sealoc19-tmc050503,27.3636,36.2389,GR,nkn,approx,2548,tmcTRm1300_165a
sealoc21-tmc050503,31.9913,35.7708,TR,nkn,approx,2510,tmcTRm1300_167a
sealoc22-tmc050503,34.6929,35.7123,CY,nkn,approx,2549,tmcTRm1300_169a
sealoc23-tmc050503,29.9,31.2,EG,nkn,approx,114,tmcTRm1300_171a
Serres,23.5497,41.0856,GR,nkn,exact,2472,tmcTRm1300_024a
Sibiu,24.15,45.8,RO,nkn,exact,490,tmcTRm1300_050a
Silistra,27.283,44.1,BG,nkn,exact,968,tmcTRm1300_046a
Sinop,35.150002,42.016666,TR,nkn,exact,715,tmcTRm1300_123a
Sivas,37.033333,39.75,TR,nkn,exact,717,tmcTRm1300_126a
Skopje,21.467,42,MK,nkn,exact,922,tmcTRm1300_011a
Sofia,23.316668,42.683334,BG,nkn,exact,901,tmcTRm1300_006a
Split,16.467,43.517,HR,nkn,exact,917,tmcTRm1300_138a
Suceava,26.3,47.617,RO,nkn,exact,486,tmcTRm1300_053a
Tabriz,46.291943,38.080002,IR,nkn,exact,240,tmcTRm1300_090a
Tatar-Pazarjik,24.3333,42.2,BG,nkn,exact,2461,tmcTRm1300_007a
Tergovishte,25.45,44.9333,RO,nkn,exact,2491,tmcTRm1300_049a
Tokat,36.5544,40.3139,TR,nkn,exact,2215,tmcTRm1300_088a
Trebizond,39.716667,41,TR,nkn,exact,168,tmcTRm1300_129a
Tripoli,35.85,34.4333,LB,nkn,exact,2070,tmcTRm1300_113a
Trnovo,25.6556,43.0858,BG,nkn,exact,2516,tmcTRm1300_070a
Urfa,38.766666,37.133331,TR,nkn,exact,172,tmcTRm1300_109a
Venice,12.326667,45.43861,IT,nkn,exact,323,tmcTRm1300_135a
Yenisehir,22.4203,39.6372,GR,nkn,exact,2480,tmcTRm1300_033a