NODE1,COUNTRY1,NODE2,COUNTRY2,DETAIL,USES,TYPE,ROLE,GOODS1,GOODS2,GOODS3,DIR,DIST,TRAVMODE,TRAVTIME,EARLYDATE,LATEDATE,DATAQLTY,SRC,LONG1,LAT1,COORDSRC1,LONG2,LAT2,COORDSRC2,NODEID1,NODEID2,PROBL,DATAID
Buda,HU,Mohacs,HU,nkn,trd,cd,min,A000,B000,C000,nkn,d000dd,nkn,t000t,1300,1600,QC4,Inalcik 2000:map,19.05,47.5,TGN7006280,18.6831,45.9931,www.fallingrain.com,925,2458,P000,tmcTRm1300_001a
Mohacs,HU,Essek,HR,nkn,trd,cd,min,A000,B000,C000,nkn,d000dd,nkn,t000t,1300,1600,QC4,Inalcik 2000:map,18.6831,45.9931,www.fallingrain.com,18.6939,45.5511,www.fallingrain.com,2458,2460,P000,tmcTRm1300_002a
Essek,HR,Belgrade,CS,nkn,trd,cd,min,A000,B000,C000,nkn,d000dd,nkn,t000t,1300,1600,QC4,Inalcik 2000:map,18.6939,45.5511,www.fallingrain.com,20.5,44.833332,ADL3867196,2460,903,P000,tmcTRm1300_003a
Belgrade,CS,Nish,CS,nkn,trd,cd,maj,A000,B000,C000,nkn,d000dd,nkn,t000t,1300,1600,QC4,Inalcik 2000:map,20.5,44.833332,ADL3867196,21.9,43.316666,ADL3872118,903,941,P000,tmcTRm1300_004a
Nish,CS,Sofia,BG,nkn,trd,cd,maj,A000,B000,C000,nkn,d000dd,nkn,t000t,1300,1600,QC4,Inalcik 2000:map,21.9,43.316666,ADL3872118,23.316668,42.683334,ADL1478577,941,901,P000,tmcTRm1300_005a
Sofia,BG,Tatar-Pazarjik,BG,nkn,trd,cd,maj,A000,B000,C000,nkn,d000dd,nkn,t000t,1300,1600,QC4,Inalcik 2000:map,23.316668,42.683334,ADL1478577,24.3333,42.2,www.fallingrain.com,901,2461,P000,tmcTRm1300_006a
Tatar-Pazarjik,BG,Filibe,BG,nkn,trd,cd,maj,A000,B000,C000,nkn,d000dd,nkn,t000t,1300,1600,QC4,Inalcik 2000:map,24.3333,42.2,www.fallingrain.com,24.75,42.150002,ADL1477391,2461,902,P000,tmcTRm1300_007a
Filibe,BG,Edirne,TR,nkn,trd,cd,maj,A000,B000,C000,nkn,d000dd,nkn,t000t,1300,1600,QC4,Inalcik 2000:map,24.75,42.150002,ADL1477391,26.566668,41.666668,ADL4079837,902,900,P000,tmcTRm1300_008a
Tatar-Pazarjik,BG,Kustendil,BG,nkn,trd,cd,maj,A000,B000,C000,nkn,d000dd,nkn,t000t,1300,1600,QC4,Inalcik 2000:map,24.3333,42.2,www.fallingrain.com,22.6911,42.2839,ADL1477391,2461,2462,P000,tmcTRm1300_009a
Kustendil,BG,Skopje,MK,nkn,trd,cd,maj,A000,B000,C000,nkn,d000dd,nkn,t000t,1300,1600,QC4,Inalcik 2000:map,22.6911,42.2839,ADL1477391,21.467,42,TGN7015643,2462,922,P000,tmcTRm1300_010a
Skopje,MK,Prishtina,CS,nkn,trd,cd,maj,A000,B000,C000,nkn,d000dd,nkn,t000t,1300,1600,QC4,Inalcik 2000:map,21.467,42,TGN7015643,21.1667,42.6667,www.fallingrain.com,922,2463,P000,tmcTRm1300_011a
Prishtina,CS,Sarajevo,BA,nkn,trd,cd,maj,A000,B000,C000,nkn,d000dd,nkn,t000t,1300,1600,QC4,Inalcik 2000:map,21.1667,42.6667,www.fallingrain.com,18.383,43.85,TGN7015438,2463,971,P000,tmcTRm1300_012a
Mostar,BA,Dubrovnik,HR,nkn,trd,cd,maj,A000,B000,C000,nkn,d000dd,nkn,t000t,1300,1600,QC4,Inalcik 2000:map,17.8081,43.3433,www.fallingrain.com,18.088612,42.650555,ADL2324813,2167,920,P000,tmcTRm1300_013a
Edirne,TR,Corlu,TR,nkn,trd,cd,maj,A000,B000,C000,nkn,d000dd,nkn,t000t,1300,1600,QC4,Inalcik 2000:map,26.566668,41.666668,ADL4079837,27.8,41.1592,www.fallingrain.com,900,2464,P000,tmcTRm1300_014a
Corlu,TR,Istanbul,TR,nkn,trd,cd,maj,A000,B000,C000,nkn,d000dd,nkn,t000t,1300,1600,QC4,Inalcik 2000:map,27.8,41.1592,www.fallingrain.com,28.966667,41.016666,ADL4087473,2464,71,P000,tmcTRm1300_015a
Isaccea,RO,Babadag,RO,nkn,trd,cd,maj,A000,B000,C000,nkn,d000dd,nkn,t000t,1300,1600,QC4,Inalcik 2000:map,28.4667,45.2667,www.fallingrain.com,28.7167,44.9,www.fallingrain.com,2466,2467,P000,tmcTRm1300_016a
Babadag,RO,loc04-tmc050503,RO,?Poarta Alba,trd,cd,maj,A000,B000,C000,nkn,d000dd,nkn,t000t,1300,1600,QC4,Inalcik 2000:map,28.7167,44.9,www.fallingrain.com,28.4,44.2167,www.fallingrain.com,2467,2468,P000,tmcTRm1300_017a
loc04-tmc050503,RO,frk04-tmc050503,BG,?Poarta Alba; ?Provadiya,trd,cd,maj,A000,B000,C000,nkn,d000dd,nkn,t000t,1300,1600,QC4,Inalcik 2000:map,28.4,44.2167,www.fallingrain.com,27.4333,43.1833,www.fallingrain.com,2468,2469,P000,tmcTRm1300_018a
frk04-tmc050503,BG,Aydos,BG,?Provadiya,trd,cd,maj,A000,B000,C000,nkn,d000dd,nkn,t000t,1300,1600,QC4,Inalcik 2000:map,27.4333,43.1833,www.fallingrain.com,27.25,42.7,www.fallingrain.com,2469,2465,P000,tmcTRm1300_019a
Aydos,BG,Edirne,TR,nkn,trd,cd,maj,A000,B000,C000,nkn,d000dd,nkn,t000t,1300,1600,QC4,Inalcik 2000:map,27.25,42.7,www.fallingrain.com,26.566668,41.666668,ADL4079837,2465,900,P000,tmcTRm1300_020a
Edirne,TR,loc07-tmc050503,TR,?Kavak,trd,cd,maj,A000,B000,C000,nkn,d000dd,nkn,t000t,1300,1600,QC4,Inalcik 2000:map,26.566668,41.666668,ADL4079837,26.8819,40.6031,www.fallingrain.com,900,2470,P000,tmcTRm1300_021a
loc07-tmc050503,TR,Gallipoli,TR,?Kavak,trd,cd,maj,A000,B000,C000,nkn,d000dd,nkn,t000t,1300,1600,QC4,Inalcik 2000:map,26.8819,40.6031,www.fallingrain.com,26.666668,40.400002,ADL4081869,2470,942,P000,tmcTRm1300_022a
Edirne,TR,loc05-tmc050503,GR,?Suflion,trd,cd,maj,A000,B000,C000,nkn,d000dd,nkn,t000t,1300,1600,QC4,Inalcik 2000:map,26.566668,41.666668,ADL4079837,26.2994,41.1919,www.fallingrain.com,900,2471,P000,tmcTRm1300_023a
loc06-tmc050503,GR,Serres,GR,?Ferai,trd,cd,maj,A000,B000,C000,nkn,d000dd,nkn,t000t,1300,1600,QC4,Inalcik 2000:map,26.17,40.8956,www.fallingrain.com,23.5497,41.0856,www.fallingrain.com,2477,2472,P000,tmcTRm1300_024a
Serres,GR,Salonika,GR,nkn,trd,cd,maj,A000,B000,C000,nkn,d000dd,nkn,t000t,1300,1600,QC4,Inalcik 2000:map,23.5497,41.0856,www.fallingrain.com,22.933,40.633,TGN7011182,2472,167,P000,tmcTRm1300_025a
Salonika,GR,frk01-tmc050503,GR,?Aiginion,trd,cd,maj,A000,B000,C000,nkn,d000dd,nkn,t000t,1300,1600,QC4,Inalcik 2000:map,22.933,40.633,TGN7011182,22.54,40.5014,www.fallingrain.com,167,2473,P000,tmcTRm1300_026a
frk01-tmc050503,GR,frk02-tmc050503,GR,?Aiginion; ?Kozani,trd,cd,maj,A000,B000,C000,nkn,d000dd,nkn,t000t,1300,1600,QC4,Inalcik 2000:map,22.54,40.5014,www.fallingrain.com,21.7864,40.3011,www.fallingrain.com,2473,2478,P000,tmcTRm1300_027a
frk02-tmc050503,GR,Monastir,MK,?Kozani,trd,cd,maj,A000,B000,C000,nkn,d000dd,nkn,t000t,1300,1600,QC4,Inalcik 2000:map,21.7864,40.3011,www.fallingrain.com,21.333332,41.033333,ADL2809578,2478,945,P000,tmcTRm1300_028a
Monastir,MK,Ohrida,MK,nkn,trd,cd,maj,A000,B000,C000,nkn,d000dd,nkn,t000t,1300,1600,QC4,Inalcik 2000:map,21.333332,41.033333,ADL2809578,20.799999,41.116669,ADL2811076,945,944,P000,tmcTRm1300_029a
Argos,GR,Corinth,GR,nkn,trd,cd,min,A000,B000,C000,nkn,d000dd,nkn,t000t,1300,1600,QC4,Inalcik 2000:map,22.7333,37.6333,www.fallingrain.com,22.917,37.933,TGN,2474,84,P000,tmcTRm1300_030a
Corinth,GR,Athens,GR,nkn,trd,cd,min,A000,B000,C000,nkn,d000dd,nkn,t000t,1300,1600,QC4,Inalcik 2000:map,22.917,37.933,TGN,23.733334,37.983334,ADL2243838,84,866,P000,tmcTRm1300_031a
Athens,GR,loc08-tmc050503,GR,?Lamia,trd,cd,min,A000,B000,C000,nkn,d000dd,nkn,t000t,1300,1600,QC4,Inalcik 2000:map,23.733334,37.983334,ADL2243838,22.4333,38.9,www.fallingrain.com,866,2479,P000,tmcTRm1300_032a
loc08-tmc050503,GR,Yenisehir,GR,?Lamia,trd,cd,min,A000,B000,C000,nkn,d000dd,nkn,t000t,1300,1600,QC4,Inalcik 2000:map,22.4333,38.9,www.fallingrain.com,22.4203,39.6372,www.fallingrain.com,2479,2480,P000,tmcTRm1300_033a
Yenisehir,GR,frk01-tmc050503,GR,?Aiginion,trd,cd,min,A000,B000,C000,nkn,d000dd,nkn,t000t,1300,1600,QC4,Inalcik 2000:map,22.4203,39.6372,www.fallingrain.com,22.54,40.5014,www.fallingrain.com,2480,2473,P000,tmcTRm1300_034a
Prevesa,GR,Joannina,GR,nkn,trd,cd,min,A000,B000,C000,nkn,d000dd,nkn,t000t,1300,1600,QC4,Inalcik 2000:map,20.75,38.95,www.fallingrain.com,20.8508,39.6675,www.fallingrain.com,2486,2476,P000,tmcTRm1300_035a
Joannina,GR,frk03-tmc050503,GR,?Kalpakion,trd,cd,min,A000,B000,C000,nkn,d000dd,nkn,t000t,1300,1600,QC4,Inalcik 2000:map,20.8508,39.6675,www.fallingrain.com,20.6239,39.8878,www.fallingrain.com,2476,2475,P000,tmcTRm1300_036a
frk03-tmc050503,GR,frk02-tmc050503,GR,?Kalpakion;?Kozani,trd,cd,min,A000,B000,C000,nkn,d000dd,nkn,t000t,1300,1600,QC4,Inalcik 2000:map,20.6239,39.8878,www.fallingrain.com,21.7864,40.3011,www.fallingrain.com,2475,2478,P000,tmcTRm1300_037a
frk03-tmc050503,GR,Ergiri,AL,?Kalpakion,trd,cd,min,A000,B000,C000,nkn,d000dd,nkn,t000t,1300,1600,QC4,Inalcik 2000:map,20.6239,39.8878,www.fallingrain.com,20.1389,40.0758,www.fallingrain.com,2475,2482,P000,tmcTRm1300_038a
Ergiri,AL,Avlonya,AL,nkn,trd,cd,min,A000,B000,C000,nkn,d000dd,nkn,t000t,1300,1600,QC4,Inalcik 2000:map,20.1389,40.0758,www.fallingrain.com,19.4897,40.4667,www.fallingrain.com,2482,2481,P000,tmcTRm1300_039a
Ohrida,MK,Dibra,MK ,nkn,trd,cd,min,A000,B000,C000,nkn,d000dd,nkn,t000t,1300,1600,QC4,Inalcik 2000:map,20.799999,41.116669,ADL2811076,20.5275,41.525,www.fallingrain.com,944,2484,P000,tmcTRm1300_040a
Dibra,MK,Scutari,AL ,nkn,trd,cd,min,A000,B000,C000,nkn,d000dd,nkn,t000t,1300,1600,QC4,Inalcik 2000:map,20.5275,41.525,www.fallingrain.com,19.5131,42.0675,www.fallingrain.com,2484,2485,P000,tmcTRm1300_041a
Scutari,AL,Prizren,CS,nkn,trd,cd,min,A000,B000,C000,nkn,d000dd,nkn,t000t,1300,1600,QC4,Inalcik 2000:map,19.5131,42.0675,www.fallingrain.com,20.7397,42.2139,www.fallingrain.com,2485,2487,P000,tmcTRm1300_042a
Prizren,CS,Skopje,MK,nkn,trd,cd,min,A000,B000,C000,nkn,d000dd,nkn,t000t,1300,1600,QC4,Inalcik 2000:map,20.7397,42.2139,www.fallingrain.com,21.467,42,TGN7015643,2487,922,P000,tmcTRm1300_043a
Skopje,MK,Dibra,MK,nkn,trd,cd,min,A000,B000,C000,nkn,d000dd,nkn,t000t,1300,1600,QC4,Inalcik 2000:map,21.467,42,TGN7015643,20.5275,41.525,www.fallingrain.com,922,2484,P000,tmcTRm1300_044a
frk04-tmc050503,BG,Silistra,BG,?Provadiya,trd,cd,min,A000,B000,C000,nkn,d000dd,nkn,t000t,1300,1600,QC4,Inalcik 2000:map,27.4333,43.1833,www.fallingrain.com,27.283,44.1,TGN7010656,2469,968,P000,tmcTRm1300_045a
Silistra,BG,Oltenita,RO,nkn,trd,cd,min,A000,B000,C000,nkn,d000dd,nkn,t000t,1300,1600,QC4,Inalcik 2000:map,27.283,44.1,TGN7010656,26.6333,44.0833,www.fallingrain.com,968,2497,P003,tmcTRm1300_046a
Oltenita,RO,Bucharest,RO,nkn,trd,cd,min,A000,B000,C000,nkn,d000dd,nkn,t000t,1300,1600,QC4,Inalcik 2000:map,26.6333,44.0833,www.fallingrain.com,26.1,44.4333,www.fallingrain.com,2497,2489,P003,tmcTRm1300_047a
Bucharest,RO,Tergovishte,RO,nkn,trd,cd,min,A000,B000,C000,nkn,d000dd,nkn,t000t,1300,1600,QC4,Inalcik 2000:map,26.1,44.4333,www.fallingrain.com,25.45,44.9333,www.fallingrain.com,2489,2491,P000,tmcTRm1300_048a
Tergovishte,RO,Brashov,RO,nkn,trd,cd,min,A000,B000,C000,nkn,d000dd,nkn,t000t,1300,1600,QC4,Inalcik 2000:map,25.45,44.9333,www.fallingrain.com,25.5833,45.6333,www.fallingrain.com,2491,2492,P000,tmcTRm1300_049a
Brashov,RO,Sibiu,RO,nkn,trd,cd,min,A000,B000,C000,nkn,d000dd,nkn,t000t,1300,1600,QC4,Inalcik 2000:map,25.5833,45.6333,www.fallingrain.com,24.15,45.8,www.fallingrain.com,2492,490,P000,tmcTRm1300_050a
Lwow,UA,loc01-tmc050503,UA,?Kolomyja,trd,cd,maj,A000,B000,C000,nkn,d000dd,nkn,t000t,1300,1600,QC4,Inalcik & Quartet 1997:220-221,24,49.833332,ADL4193862,25.040277,48.530556,ADL4191693,557,1322,P001,tmcTRm1300_051a
loc02-tmc050503,UA,Suceava,RO,?Czerniowce,trd,cd,maj,A000,B000,C000,nkn,d000dd,nkn,t000t,1300,1600,QC4,Inalcik & Quartet 1997:220-221,25.933332,48.299999,ADL4185835,26.3,47.617,TGN7009125 ,1347,486,P001,tmcTRm1300_052a
Suceava,RO,Jassy,RO,nkn,trd,cd,maj,A000,B000,C000,nkn,d000dd,nkn,t000t,1300,1600,QC4,Inalcik & Quartet 1997:220-221,26.3,47.617,TGN7009125 ,27.6,47.166668,ADL3395645,486,1352,P001,tmcTRm1300_053a
loc03-tmc050503,RO,frk05-tmc050503,MD,?Cecora;?Hincesti,trd,cd,maj,A000,B000,C000,nkn,d000dd,nkn,t000t,1300,1600,QC4,Inalcik & Quartet 1997:220-221,27.7833,47.1333,www.fallingrain.com,28.5936,46.8258,www.fallingrain.com,2495,2494,P001,tmcTRm1300_054a
frk05-tmc050503,MD,Isaccea,RO,?Hincesti,trd,cd,min,A000,B000,C000,nkn,d000dd,nkn,t000t,1300,1600,QC4,Inalcik 2000:map,28.5936,46.8258,www.fallingrain.com,28.4667,45.2667,www.fallingrain.com,2494,2466,P000,tmcTRm1300_055a
frk05-tmc050503,MD,Akkerman,UA,?Hincesti,trd,cd,maj,A000,B000,C000,nkn,d000dd,nkn,t000t,1300,1600,QC4,Inalcik & Quartet 1997:220-221,28.5936,46.8258,www.fallingrain.com,30.35,46.200001,ADL4184271,2494,684,P001,tmcTRm1300_056a
Akkerman,UA,Kilia,UA,nkn,trd,cd,min,A000,B000,C000,nkn,d000dd,nkn,t000t,1300,1600,QC4,Inalcik 2000:map,30.35,46.200001,ADL4184271,29.2667,45.45,www.fallingrain.com,684,2496,P000,tmcTRm1300_057a
Kilia,UA,Isaccea,RO,nkn,trd,cd,min,A000,B000,C000,nkn,d000dd,nkn,t000t,1300,1600,QC4,Inalcik 2000:map,29.2667,45.45,www.fallingrain.com,28.4667,45.2667,www.fallingrain.com,2496,2466,P000,tmcTRm1300_058a
Akkerman,UA,loc11-tmc050503,UA,?Mykolayiv,trd,cd,min,A000,B000,C000,nkn,d000dd,nkn,t000t,1300,1600,QC4,Inalcik 2000:map,30.35,46.200001,ADL4184271,32,46.9667,www.fallingrain.com,684,2519,P000,tmcTRm1300_059a
Ozu,UA,Or-kapi,UA,nkn,trd,cd,min,A000,B000,C000,nkn,d000dd,nkn,t000t,1300,1600,QC4,Inalcik 2000:map,32.599998,46.633331, ADL4190560,33.700001,46.166668,ADL4200098 ,560,1292,P000,tmcTRm1300_060a
Or-kapi,UA,Bahcesaray,UA,nkn,trd,cd,min,A000,B000,C000,nkn,d000dd,nkn,t000t,1300,1600,QC4,Inalcik 2000:map,33.700001,46.166668,ADL4200098 ,33.8667,44.75,www.fallingrain.com,1292,2488,P000,tmcTRm1300_061a
Bahcesaray,UA,Caffa,UA,nkn,trd,cd,min,A000,B000,C000,nkn,d000dd,nkn,t000t,1300,1600,QC4,Inalcik 2000:map,33.8667,44.75,www.fallingrain.com,35.383331,45.033333,ADL4187557,2488,241,P000,tmcTRm1300_062a
Or-kapi,UA,loc16-tmc050503,UA,?Mariupol,trd,cd,min,A000,B000,C000,nkn,d000dd,nkn,t000t,1300,1600,QC4,Inalcik 2000:map,33.700001,46.166668,ADL4200098 ,37.55,47.1,www.fallingrain.com,1292,2525,P000,tmcTRm1300_063a
Azov,RU,loc09-tmc050503,RU,?Astrakhan,trd,cd,min,A000,B000,C000,nkn,d000dd,nkn,t000t,1300,1600,QC4,Inalcik 2000:map,39.413612,47.110001,ADL3471037,48.049168,46.349445,ADL3470113,280,274,P000,tmcTRm1300_064a
loc01-tmc050503,UA,loc02-tmc050503,UA,?Kolomyja;?Czerniowce,trd,cd,maj,A000,B000,C000,nkn,d000dd,nkn,t000t,1300,1600,QC4,Inalcik & Quartet 1997:220-221,25.040277,48.530556,ADL4191693,25.933332,48.299999,ADL4185835,1322,1347,P001,tmcTRm1300_065a
loc05-tmc050503,GR,loc06-tmc050503,GR,?Suflion;?Ferai,trd,cd,maj,A000,B000,C000,nkn,d000dd,nkn,t000t,1300,1600,QC4,Inalcik 2000:map,26.2994,41.1919,www.fallingrain.com,26.17,40.8956,www.fallingrain.com,2471,2477,P000,tmcTRm1300_066a
Jassy,RO,loc03-tmc050503,RO,?Cecora,trd,cd,maj,A000,B000,C000,nkn,d000dd,nkn,t000t,1300,1600,QC4,Inalcik & Quartet 1997:220-221,27.6,47.166668,ADL3395645,27.7833,47.1333,www.fallingrain.com,1352,2495,P001,tmcTRm1300_067a
Essek,HR,Pecs,HU,nkn,trd,cd,min,A000,B000,C000,nkn,d000dd,nkn,t000t,1300,1600,QC4,Inalcik & Quartet 1997:220-221,18.6939,45.5511,www.fallingrain.com,18.2333,46.0833,www.fallingrain.com,2460,2518,P000,tmcTRm1300_068a
Pecs,HU,Kanizsa,HU,nkn,trd,cd,min,A000,B000,C000,nkn,d000dd,nkn,t000t,1300,1600,QC4,Inalcik & Quartet 1997:220-221,18.2333,46.0833,www.fallingrain.com,16.9717,46.5142,www.fallingrain.com,2518,2517,P000,tmcTRm1300_069a
Edirne,TR,Trnovo,BG,nkn,trd,cd,min,A000,B000,C000,nkn,d000dd,nkn,t000t,1300,1600,QC4,Inalcik & Quartet 1997:220-221,26.566668,41.666668,ADL4079837,25.6556,43.0858,www.fallingrain.com,900,2516,P000,tmcTRm1300_070a
Trnovo,BG,Giurgiu,RO,nkn,trd,cd,min,A000,B000,C000,nkn,d000dd,nkn,t000t,1300,1600,QC4,Inalcik & Quartet 1997:220-221,25.6556,43.0858,www.fallingrain.com,25.9667,43.8833,www.fallingrain.com,2516,2490,P004,tmcTRm1300_071a
Giurgiu,RO,Tergovishte,RO,nkn,trd,cd,min,A000,B000,C000,nkn,d000dd,nkn,t000t,1300,1600,QC4,Inalcik & Quartet 1997:220-221,25.9667,43.8833,www.fallingrain.com,25.45,44.9333,www.fallingrain.com,2490,2491,P004,tmcTRm1300_072a
Brashov,RO,Koloszvar,RO,nkn,trd,cd,min,A000,B000,C000,nkn,d000dd,nkn,t000t,1300,1600,QC4,Inalcik & Quartet 1997:220-221,25.5833,45.6333,www.fallingrain.com,23.6,46.7667,www.fallingrain.com,2492,2512,P000,tmcTRm1300_073a
Koloszvar,RO,loc10-tmc050503,RO,?Satu Mare,trd,cd,min,A000,B000,C000,nkn,d000dd,nkn,t000t,1300,1600,QC4,Inalcik & Quartet 1997:220-221,23.6,46.7667,www.fallingrain.com,22.8833,47.8,www.fallingrain.com,2512,2513,P000,tmcTRm1300_074a
Sarajevo,BA,Mostar,BA,nkn,trd,cd,maj,A000,B000,C000,nkn,d000dd,nkn,t000t,1300,1600,QC4,Inalcik 2000:map,18.383,43.85,TGN7015438,17.8081,43.3433,www.fallingrain.com,971,2167,P000,tmcTRm1300_075a
Sarajevo,BA,Split,HR,nkn,trd,cd,min,A000,B000,C000,nkn,d000dd,nkn,t000t,1300,1600,QC4,Inalcik 2000:map,18.383,43.85,TGN7015438,16.467,43.517,TGN7015546,971,917,P000,tmcTRm1300_076a
Ohrida,MK,Elbasan,AL,nkn,trd,cd,min,A000,B000,C000,nkn,d000dd,nkn,t000t,1300,1600,QC4,Inalcik & Quartet 1997:220-221,20.799999,41.116669,ADL2811076,20.083332,41.099998,ADL1082688,944,943,P000,tmcTRm1300_077a
Elbasan,AL,Durazzo,AL,nkn,trd,cd,min,A000,B000,C000,nkn,d000dd,nkn,t000t,1300,1600,QC4,Inalcik & Quartet 1997:220-221,20.083332,41.099998,ADL1082688,19.433332,41.316666,ADL1082653,943,51,P002,tmcTRm1300_078a
Avlonya,AL,Ohrida,MK,nkn,trd,cd,maj,A000,B000,C000,nkn,d000dd,nkn,t000t,1300,1600,QC4,Inalcik & Quartet 1997:220-221,19.4897,40.4667,www.fallingrain.com,20.799999,41.116669,ADL2811076,2481,944,P000,tmcTRm1300_079a
loc11-tmc050503,UA,Ozu,UA,?Mykolayiv,trd,cd,min,A000,B000,C000,nkn,d000dd,nkn,t000t,1300,1600,QC4,Inalcik 2000:map,32,46.9667,www.fallingrain.com,32.599998,46.633331, ADL4190560,2519,560,P000,tmcTRm1300_080a
Istanbul,TR,loc19-tmc050503,TR,?Gebze,trd,cd,maj,A000,B000,C000,nkn,d000dd,nkn,t000t,1300,1600,QC4,Inalcik 2000:map,28.966667,41.016666,ADL4087473,29.4306,40.7978,www.fallingrain.com,71,2149,P000,tmcTRm1300_081a
Izmit,TR,Bolu,TR,nkn,trd,cd,maj,A000,B000,C000,nkn,d000dd,nkn,t000t,1300,1600,QC4,Inalcik 2000:map,29.917,40.783,TGN,31.6061,40.7358,www.fallingrain.com,74,2502,P000,tmcTRm1300_082a
Bolu,TR,frk06-tmc050503,TR,?Hacihamza,trd,cd,maj,A000,B000,C000,nkn,d000dd,nkn,t000t,1300,1600,QC4,Inalcik 2000:map,31.6061,40.7358,www.fallingrain.com,34.4667,41.0833,www.fallingrain.com,2502,2521,P000,tmcTRm1300_084a
frk06-tmc050503,TR,Osmancik,TR,?Hacihamza,trd,cd,maj,A000,B000,C000,nkn,d000dd,nkn,t000t,1300,1600,QC4,Inalcik 2000:map,34.4667,41.0833,www.fallingrain.com,34.7981,40.9714,www.fallingrain.com,2521,2508,P000,tmcTRm1300_085a
Osmancik,TR,Amasya,TR,nkn,trd,cd,maj,A000,B000,C000,nkn,d000dd,nkn,t000t,1300,1600,QC4,Inalcik 2000:map,34.7981,40.9714,www.fallingrain.com,35.8331,40.6533,www.fallingrain.com,2508,2500,P000,tmcTRm1300_086a
Amasya,TR,Tokat,TR,nkn,trd,cd,maj,A000,B000,C000,nkn,d000dd,nkn,t000t,1300,1600,QC4,Inalcik 2000:map,35.8331,40.6533,www.fallingrain.com,36.5544,40.3139,www.fallingrain.com ,2500,2215,P000,tmcTRm1300_087a
Tokat,TR,Erzincan,TR,nkn,trd,cd,maj,A000,B000,C000,nkn,d000dd,nkn,t000t,1300,1600,QC4,Inalcik 2000:map,36.5544,40.3139,www.fallingrain.com ,39.4928,39.7522,www.fallingrain.com,2215,2503,P000,tmcTRm1300_088a
Erzincan,TR,Erzurum,TR,nkn,trd,cd,maj,A000,B000,C000,nkn,d000dd,nkn,t000t,1300,1600,QC4,Inalcik 2000:map,39.4928,39.7522,www.fallingrain.com,41.283333,39.916668,ADL4080791,2503,238,P000,tmcTRm1300_089a
Erzurum,TR,Tabriz,IR,nkn,trd,cd,maj,A000,B000,C000,nkn,d000dd,nkn,t000t,1300,1600,QC4,Inalcik 2000:map,41.283333,39.916668,ADL4080791,46.291943,38.080002,ADL2487726,238,240,P000,tmcTRm1300_090a
Gallipoli,TR,loc12-tmc050503,TR,?Lapseki,trd,sl,maj,A000,B000,C000,nkn,d000dd,nkn,t000t,1300,1600,QC4,Inalcik 2000:map,26.666668,40.400002,ADL4081869,26.6856,40.3442,www.fallingrain.com ,942,2522,P000,tmcTRm1300_091a
loc12-tmc050503,TR,Bursa,TR,?Lapseki,trd,cd,maj,A000,B000,C000,nkn,d000dd,nkn,t000t,1300,1600,QC4,Inalcik 2000:map,26.6856,40.3442,www.fallingrain.com ,29.067,40.2,TGN7002420,2522,929,P000,tmcTRm1300_092a
Bursa,TR,Manisa,TR,nkn,trd,cd,maj,A000,B000,C000,nkn,d000dd,nkn,t000t,1300,1600,QC4,Inalcik 2000:map,29.067,40.2,TGN7002420,27.4261,38.6131,www.fallingrain.com,929,2036,P000,tmcTRm1300_093a
Manisa,TR,Izmir,TR,nkn,trd,cd,maj,A000,B000,C000,nkn,d000dd,nkn,t000t,1300,1600,QC4,Inalcik 2000:map,27.4261,38.6131,www.fallingrain.com,27.15,38.416668,ADL4087501,2036,73,P000,tmcTRm1300_094a
Izmir,TR,Cesme,TR,nkn,trd,cd,min,A000,B000,C000,nkn,d000dd,nkn,t000t,1300,1600,QC4,Inalcik 2000:map,27.15,38.416668,ADL4087501,26.3064,38.3228,www.fallingrain.com,73,2029,P000,tmcTRm1300_095a
Bursa,TR,loc17-tmc050503,TR,?Gemlik,trd,cd,maj,A000,B000,C000,nkn,d000dd,nkn,t000t,1300,1600,QC4,Inalcik 2000:map,29.067,40.2,TGN7002420,29.1567,40.4331,www.fallingrain.com,929,2561,P000,tmcTRm1300_096a
Eskisehir,TR,Ankara,TR,nkn,trd,cd,maj,A000,B000,C000,nkn,d000dd,nkn,t000t,1300,1600,QC4,Inalcik 2000:map,30.5333,39.7667,adlgaz-1-4081081-18,32.866669,39.933334,ADL4067688,2012,769,P000,tmcTRm1300_097a
Ankara,TR,Tokat,TR,nkn,trd,cd,maj,A000,B000,C000,nkn,d000dd,nkn,t000t,1300,1600,QC4,Inalcik 2000:map,32.866669,39.933334,ADL4067688,36.5544,40.3139,www.fallingrain.com ,769,2215,P000,tmcTRm1300_098a
Bursa,TR,Kutahya,TR,nkn,trd,cd,maj,A000,B000,C000,nkn,d000dd,nkn,t000t,1300,1600,QC4,Inalcik 2000:map,29.067,40.2,TGN7002420,29.9833,39.4242,www.fallingrain.com,929,2507,P000,tmcTRm1300_099a
Aksehir,TR,Konya,TR,nkn,trd,cd,maj,A000,B000,C000,nkn,d000dd,nkn,t000t,1300,1600,QC4,Inalcik 2000:map,31.4164,38.3575,www.fallingrain.com,32.516666,37.866669,ADL4094333,2499,770,P000,tmcTRm1300_100a
Konya,TR,Karaman,TR,nkn,trd,cd,maj,A000,B000,C000,nkn,d000dd,nkn,t000t,1300,1600,QC4,Inalcik 2000:map,32.516666,37.866669,ADL4094333,33.215,37.1811,www.fallingrain.com,770,2505,P000,tmcTRm1300_101a
Karaman,TR,Adana,TR,nkn,trd,cd,maj,A000,B000,C000,nkn,d000dd,nkn,t000t,1300,1600,QC4,Inalcik 2000:map,33.215,37.1811,www.fallingrain.com,35.3289,37.0167,www.fallingrain.com,2505,2074,P000,tmcTRm1300_102a
Adana,TR,loc13-tmc050503,TR,?Erzin,trd,cd,maj,A000,B000,C000,nkn,d000dd,nkn,t000t,1300,1600,QC4,Inalcik 2000:map,35.3289,37.0167,www.fallingrain.com,36.2022,36.9539,www.fallingrain.com,2074,2523,P000,tmcTRm1300_103a
loc13-tmc050503,TR,Iskenderun,TR,?Erzin,trd,cd,maj,A000,B000,C000,nkn,d000dd,nkn,t000t,1300,1600,QC4,Inalcik 2000:map,36.2022,36.9539,www.fallingrain.com,36.165,36.5817,www.fallingrain.com,2523,2504,P000,tmcTRm1300_104a
Iskenderun,TR,Aleppo,SY,nkn,trd,cd,maj,A000,B000,C000,nkn,d000dd,nkn,t000t,1300,1600,QC4,Inalcik 2000:map,36.165,36.5817,www.fallingrain.com,37.166668,36.200001,ADL3980652,2504,231,P000,tmcTRm1300_105a
Aleppo,SY,Damascus,SY,nkn,trd,cd,maj,A000,B000,C000,nkn,d000dd,nkn,t000t,1300,1600,QC4,Inalcik 2000:map,37.166668,36.200001,ADL3980652,36.299999,33.5,ADL3980022,231,48,P000,tmcTRm1300_106a
Damascus,SY,loc14-tmc050503,JO,?Amman,trd,cd,maj,A000,B000,C000,nkn,d000dd,nkn,t000t,1300,1600,QC4,Inalcik 2000:map,36.299999,33.5,ADL3980022,35.933,31.95,TGN7002392,48,13,P000,tmcTRm1300_107a
Aleppo,SY,Birecik,TR,nkn,trd,cd,maj,A000,B000,C000,nkn,d000dd,nkn,t000t,1300,1600,QC4,Inalcik 2000:map,37.166668,36.200001,ADL3980652,37.966667,37.033333,ADL4071846,231,243,P000,tmcTRm1300_108a
Birecik,TR,Urfa,TR,nkn,trd,cd,maj,A000,B000,C000,nkn,d000dd,nkn,t000t,1300,1600,QC4,Inalcik 2000:map,37.966667,37.033333,ADL4071846,38.766666,37.133331,ADL4107012,243,172,P000,tmcTRm1300_109a
Urfa,TR,Diyarbekir,TR,nkn,trd,cd,maj,A000,B000,C000,nkn,d000dd,nkn,t000t,1300,1600,QC4,Inalcik 2000:map,38.766666,37.133331,ADL4107012,40.2106,37.9189,www.fallingrain.com,172,2031,P000,tmcTRm1300_110a
Diyarbekir,TR,Tabriz,IR,nkn,trd,cd,maj,A000,B000,C000,nkn,d000dd,nkn,t000t,1300,1600,QC4,Inalcik 2000:map,40.2106,37.9189,www.fallingrain.com,46.291943,38.080002,ADL2487726,2031,240,P000,tmcTRm1300_111a
Aleppo,SY,Tripoli,LB,nkn,trd,cd,min,A000,B000,C000,nkn,d000dd,nkn,t000t,1300,1600,QC4,Inalcik 2000:map,37.166668,36.200001,ADL3980652,35.85,34.4333,www.fallingrain.com,231,2070,P000,tmcTRm1300_112a
Tripoli,LB,Damascus,SY,nkn,trd,cd,min,A000,B000,C000,nkn,d000dd,nkn,t000t,1300,1600,QC4,Inalcik 2000:map,35.85,34.4333,www.fallingrain.com,36.299999,33.5,ADL3980022,2070,48,P000,tmcTRm1300_113a
Beirut,LB,Damascus,SY,nkn,trd,cd,min,A000,B000,C000,nkn,d000dd,nkn,t000t,1300,1600,QC4,Inalcik 2000:map,35.509724,33.871944,ADL2694488,36.299999,33.5,ADL3980022,29,48,P000,tmcTRm1300_114a
Sayda,LB,Damascus,SY,nkn,trd,cd,min,A000,B000,C000,nkn,d000dd,nkn,t000t,1300,1600,QC4,Inalcik 2000:map,35.368889,33.563057,adlgaz-1-2703216-0e,36.299999,33.5,ADL3980022,145,48,P000,tmcTRm1300_115a
Aleppo,SY,loc15-tmc050503,SY,?Ath Thawrah,trd,cd,min,A000,B000,C000,nkn,d000dd,nkn,t000t,1300,1600,QC4,Inalcik 2000:map,37.166668,36.200001,ADL3980652,38.5481,35.8367,www.fallingrain.com,231,2524,P000,tmcTRm1300_116a
loc15-tmc050503,SY,Baghdad,IQ,?Ath Thawrah; then along W bank of Euphrates,trd,cd,min,A000,B000,C000,nkn,d000dd,nkn,t000t,1300,1600,QC4,Inalcik 2000:map,38.5481,35.8367,www.fallingrain.com,44.39389,33.338612,adlgaz-1-2538676-6c,2524,1635,P000,tmcTRm1300_117a
Bursa,TR,Balikesir,TR,nkn,trd,cd,min,A000,B000,C000,nkn,d000dd,nkn,t000t,1300,1600,QC4,Inalcik 2000:map,29.067,40.2,TGN7002420,27.8861,39.6492,www.fallingrain.com,929,2501,P000,tmcTRm1300_118a
Balikesir,TR,Phocaea,TR,nkn,trd,cd,min,A000,B000,C000,nkn,d000dd,nkn,t000t,1300,1600,QC4,Inalcik 2000:map,27.8861,39.6492,www.fallingrain.com,26.7567,38.6706,www.fallingrain.com,2501,2509,P000,tmcTRm1300_119a
Kutahya,TR,Isparta,TR,nkn,trd,cd,min,A000,B000,C000,nkn,d000dd,nkn,t000t,1300,1600,QC4,Inalcik & Quartet 1997:220-221,29.9833,39.4242,www.fallingrain.com,30.5522,37.7644,www.fallingrain.com,2507,2111,P005,tmcTRm1300_121a
Isparta,TR,Antalya,TR,nkn,trd,cd,min,A000,B000,C000,nkn,d000dd,nkn,t000t,1300,1600,QC4,Inalcik & Quartet 1997:220-221,30.5522,37.7644,www.fallingrain.com,30.7,36.8833,adlgaz-1-4067696-7e,2111,2018,P005,tmcTRm1300_122a
Sinop,TR,Kastamonu,TR,nkn,trd,cd,min,A000,B000,C000,nkn,d000dd,nkn,t000t,1300,1600,QC4,Inalcik 2000:map,35.150002,42.016666,ADL4103362,33.7711,41.3722,www.fallingrain.com,715,2506,P000,tmcTRm1300_123a
Kastamonu,TR,frk06-tmc050503,TR,?Hacihamza,trd,cd,min,A000,B000,C000,nkn,d000dd,nkn,t000t,1300,1600,QC4,Inalcik 2000:map,33.7711,41.3722,www.fallingrain.com,34.4667,41.0833,www.fallingrain.com,2506,2521,P000,tmcTRm1300_124a
Tokat,TR,Sivas,TR,nkn,trd,cd,min,A000,B000,C000,nkn,d000dd,nkn,t000t,1300,1600,QC4,Inalcik 2000:map,36.5544,40.3139,www.fallingrain.com ,37.033333,39.75,ADL4103505,2215,717,P000,tmcTRm1300_125a
Sivas,TR,Kayseri,TR,nkn,trd,cd,min,A000,B000,C000,nkn,d000dd,nkn,t000t,1300,1600,QC4,Inalcik 2000:map,37.033333,39.75,ADL4103505,35.5,38.716667,ADL4091505,717,772,P000,tmcTRm1300_126a
Kayseri,TR,Adana,TR,nkn,trd,cd,min,A000,B000,C000,nkn,d000dd,nkn,t000t,1300,1600,QC4,Inalcik 2000:map,35.5,38.716667,ADL4091505,35.3289,37.0167,www.fallingrain.com,772,2074,P000,tmcTRm1300_127a
Kayseri,TR,Konya,TR,nkn,trd,cd,min,A000,B000,C000,nkn,d000dd,nkn,t000t,1300,1600,QC4,Inalcik & Quartet 1997:220-221,35.5,38.716667,ADL4091505,32.516666,37.866669,ADL4094333,772,770,P000,tmcTRm1300_128a
Trebizond,TR,Erzurum,TR,nkn,trd,cd,min,A000,B000,C000,nkn,d000dd,nkn,t000t,1300,1600,QC4,Inalcik 2000:map,39.716667,41,ADL4106147,41.283333,39.916668,ADL4080791,168,238,P000,tmcTRm1300_129a
loc16-tmc050503,UA,Azov,RU,?Mariupol,trd,cd,min,A000,B000,C000,nkn,d000dd,nkn,t000t,1300,1600,QC4,Inalcik 2000:map,37.55,47.1,www.fallingrain.com,39.413612,47.110001,ADL3471037,2525,280,P000,tmcTRm1300_130a
Ancona,IT,Dubrovnik,HR,nkn,trd,sl,maj,A000,B000,C000,nkn,d000dd,nkn,t000t,1300,1600,QC4,Inalcik 2000:map,13.5,43.633331,ADL2496274,18.088612,42.650555,ADL2324813,2,920,P000,tmcTRm1300_131a
Dubrovnik,HR,Durazzo,AL,nkn,trd,sl,maj,A000,B000,C000,nkn,d000dd,nkn,t000t,1300,1600,QC4,Inalcik & Quartet 1997:220-221,18.088612,42.650555,ADL2324813,19.433332,41.316666,ADL1082653,920,51,P000,tmcTRm1300_132a
Durazzo,AL,sealoc04-tmc050503,AL,nkn,trd,sl,maj,A000,B000,C000,nkn,d000dd,nkn,t000t,1300,1600,QC4,Inalcik & Quartet 1997:220-221,19.433332,41.316666,ADL1082653,19.24073043,40.63075,www.fallingrain.com,51,2550,P000,tmcTRm1300_133a
Otranto,IT,sealoc05-tmc050503,AL,nkn,trd,sl,maj,A000,B000,C000,nkn,d000dd,nkn,t000t,1300,1600,QC4,Inalcik & Quartet 1997:220-221,18.5,40.15,www.fallingrain.com,19.2158,40.4329,OWT,2526,2535,P000,tmcTRm1300_134a
Venice,IT,sealoc01-tmc050503,HR,nkn,trd,sl,maj,A000,B000,C000,nkn,d000dd,nkn,t000t,1300,1600,QC4,Inalcik & Quartet 1997:220-221,12.326667,45.43861,ADL 2520567,14.9918,44.0957,OWT,323,2532,P006,tmcTRm1300_135a
sealoc01-tmc050503,HR,sealoc02-tmc050503,HR,nkn,trd,sl,maj,A000,B000,C000,nkn,d000dd,nkn,t000t,1300,1600,QC4,Inalcik & Quartet 1997:220-221,14.9918,44.0957,OWT,15.9879,43.3766,OWT,2532,2533,P006,tmcTRm1300_136a
sealoc02-tmc050503,HR,Split,HR,nkn,trd,sl,maj,A000,B000,C000,nkn,d000dd,nkn,t000t,1300,1600,QC4,Inalcik & Quartet 1997:220-221,15.9879,43.3766,OWT,16.467,43.517,TGN7015546,2533,917,P006,tmcTRm1300_137a
Split,HR,sealoc03-tmc050503,HR,nkn,trd,sl,maj,A000,B000,C000,nkn,d000dd,nkn,t000t,1300,1600,QC4,Inalcik & Quartet 1997:220-221,16.467,43.517,TGN7015546,16.94301711,42.89502219,OWT,917,2534,P006,tmcTRm1300_138a
sealoc03-tmc050503,HR,Dubrovnik,HR,nkn,trd,sl,maj,A000,B000,C000,nkn,d000dd,nkn,t000t,1300,1600,QC4,Inalcik & Quartet 1997:220-221,16.94301711,42.89502219,OWT,18.088612,42.650555,ADL2324813,2534,920,P000,tmcTRm1300_139a
Avlonya,AL,sealoc05-tmc050503,AL,nkn,trd,sl,maj,A000,B000,C000,nkn,d000dd,nkn,t000t,1300,1600,QC4,Inalcik & Quartet 1997:220-221,19.4897,40.4667,www.fallingrain.com,19.2158,40.4329,OWT,2481,2535,P000,tmcTRm1300_140a
sealoc05-tmc050503,AL,sealoc06-tmc050503,GR,nkn,trd,sl,maj,A000,B000,C000,nkn,d000dd,nkn,t000t,1300,1600,QC4,Inalcik & Quartet 1997:220-221,19.2158,40.4329,OWT,19.961487,39.82168,www.fallingrain.com,2535,2551,P000,tmcTRm1300_141a
sealoc07-tmc050503,GR,Preveza,GR,?Korfu,trd,sl,maj,A000,B000,C000,nkn,d000dd,nkn,t000t,1300,1600,QC4,Inalcik & Quartet 1997:220-221,19.919722,39.619999,ADL2249054,20.75,38.95,www.fallingrain.com,951,2486,P000,tmcTRm1300_142a
sealoc04-tmc050503,AL,Avlonya,AL,nkn,trd,sl,maj,A000,B000,C000,nkn,d000dd,nkn,t000t,1300,1600,QC4,Inalcik & Quartet 1997:220-221,19.24073043,40.63075,www.fallingrain.com,19.4897,40.4667,www.fallingrain.com,2550,2481,P000,tmcTRm1300_143a
sealoc06-tmc050503,GR,sealoc07-tmc050503,GR,nkn;?Corfu,trd,sl,maj,A000,B000,C000,nkn,d000dd,nkn,t000t,1300,1600,QC4,Inalcik & Quartet 1997:220-221,19.961487,39.82168,www.fallingrain.com,19.919722,39.619999,ADL2249054,2551,951,P000,tmcTRm1300_144a
Preveza,GR,sealoc08-tmc050503,GR,nkn,trd,sl,maj,A000,B000,C000,nkn,d000dd,nkn,t000t,1300,1600,QC4,Inalcik & Quartet 1997:220-221,20.75,38.95,www.fallingrain.com,20.5408,38.7785,OWT,2486,2536,P000,tmcTRm1300_145a
sealoc08-tmc050503,GR,sealoc09-tmc050503,GR,nkn,trd,sl,maj,A000,B000,C000,nkn,d000dd,nkn,t000t,1300,1600,QC4,Inalcik & Quartet 1997:220-221,20.5408,38.7785,OWT,20.2129,38.036,OWT,2536,2537,P000,tmcTRm1300_146a
sealoc09-tmc050503,GR,Coron,GR,nkn,trd,sl,maj,A000,B000,C000,nkn,d000dd,nkn,t000t,1300,1600,QC4,Inalcik & Quartet 1997:220-221,20.2129,38.036,OWT,21.95,36.8,www.fallingrain.com,2537,2530,P000,tmcTRm1300_147a
Coron,GR,sealoc10-tmc050503,GR,nkn,trd,sl,maj,A000,B000,C000,nkn,d000dd,nkn,t000t,1300,1600,QC4,Inalcik & Quartet 1997:220-221,21.95,36.8,www.fallingrain.com,22.5189,36.3504,OWT,2530,2538,P000,tmcTRm1300_148a
Bursa,TR,Eskisehir,TR,nkn,trd,cd,maj,A000,B000,C000,nkn,d000dd,nkn,t000t,1300,1600,QC4,Inalcik 2000:map,29.067,40.2,TGN7002420,30.5333,39.7667,adlgaz-1-4081081-18,929,2012,P000,tmcTRm1300_149a
sealoc10-tmc050503,GR,sealoc11-tmc050503,GR,nkn,trd,sl,maj,A000,B000,C000,nkn,d000dd,nkn,t000t,1300,1600,QC4,Inalcik & Quartet 1997:220-221,22.5189,36.3504,OWT,23.2238,36.4172,OWT,2538,2539,P000,tmcTRm1300_150a
sealoc11-tmc050503,GR,sealoc12-tmc050503,GR,nkn,trd,sl,maj,A000,B000,C000,nkn,d000dd,nkn,t000t,1300,1600,QC4,Inalcik & Quartet 1997:220-221,23.2238,36.4172,OWT,24.3885,37.4871,OWT,2539,2540,P000,tmcTRm1300_151a
sealoc12-tmc050503,GR,sealoc13-tmc050503,GR,nkn,trd,sl,maj,A000,B000,C000,nkn,d000dd,nkn,t000t,1300,1600,QC4,Inalcik & Quartet 1997:220-221,24.3885,37.4871,OWT,24.9812,37.6877,OWT,2540,2541,P000,tmcTRm1300_152a
sealoc13-tmc050503,GR,Cesme,TR,nkn,trd,sl,maj,A000,B000,C000,nkn,d000dd,nkn,t000t,1300,1600,QC4,Inalcik & Quartet 1997:220-221,24.9812,37.6877,OWT,26.3064,38.3228,www.fallingrain.com,2541,2029,P000,tmcTRm1300_153a
Cesme,TR,sealoc14-tmc050503,GR,nkn,trd,sl,maj,A000,B000,C000,nkn,d000dd,nkn,t000t,1300,1600,QC4,Inalcik & Quartet 1997:220-221,26.3064,38.3228,www.fallingrain.com,26.2416,38.8914,OWT,2029,2542,P000,tmcTRm1300_154a
sealoc14-tmc050503,GR,sealoc15-tmc050503,GR,nkn,trd,sl,maj,A000,B000,C000,nkn,d000dd,nkn,t000t,1300,1600,QC4,Inalcik & Quartet 1997:220-221,26.2416,38.8914,OWT,25.7275,39.1672,OWT,2542,2543,P000,tmcTRm1300_155a
sealoc15-tmc050503,GR,sealoc16-tmc050503,TR,nkn,trd,sl,maj,A000,B000,C000,nkn,d000dd,nkn,t000t,1300,1600,QC4,Inalcik & Quartet 1997:220-221,25.7275,39.1672,OWT,26.333602,40.185728,OWT,2543,2544,P000,tmcTRm1300_156a
sealoc16-tmc050503,TR,Istanbul,TR,nkn,trd,sl,maj,A000,B000,C000,nkn,d000dd,nkn,t000t,1300,1600,QC4,Inalcik & Quartet 1997:220-221,26.333602,40.185728,OWT,28.966667,41.016666,ADL4087473,2544,71,P000,tmcTRm1300_157a
Istanbul,TR,Kostence,RO,nkn,trd,sl,maj,A000,B000,C000,nkn,d000dd,nkn,t000t,1300,1600,QC4,Inalcik & Quartet 1997:220-221,28.966667,41.016666,ADL4087473,28.667,44.2,TGN,71,43,P000,tmcTRm1300_158a
Istanbul,TR,Amasra,TR,nkn,trd,sl,maj,A000,B000,C000,nkn,d000dd,nkn,t000t,1300,1600,QC4,Inalcik & Quartet 1997:220-221,28.966667,41.016666,ADL4087473,32.3867,41.745,www.fallingrain.com,71,2514,P000,tmcTRm1300_159a
Amasra,TR,sealoc17-tmc050503,TR,nkn,trd,sl,maj,A000,B000,C000,nkn,d000dd,nkn,t000t,1300,1600,QC4,Inalcik & Quartet 1997:220-221,32.3867,41.745,www.fallingrain.com,32.9133,42.1182,OWT,2514,2545,P000,tmcTRm1300_160a
sealoc17-tmc050503,TR,Sinop,TR,nkn,trd,sl,maj,A000,B000,C000,nkn,d000dd,nkn,t000t,1300,1600,QC4,Inalcik & Quartet 1997:220-221,32.9133,42.1182,OWT,35.150002,42.016666,ADL4103362,2545,715,P000,tmcTRm1300_161a
Sinop,TR,Trebizond,TR,nkn,trd,sl,maj,A000,B000,C000,nkn,d000dd,nkn,t000t,1300,1600,QC4,Inalcik & Quartet 1997:220-221,35.150002,42.016666,ADL4103362,39.716667,41,ADL4106147,715,168,P000,tmcTRm1300_162a
Caffa,TR,Sinop,TR,nkn,trd,sl,maj,A000,B000,C000,nkn,d000dd,nkn,t000t,1300,1600,QC4,Inalcik & Quartet 1997:220-221,35.383331,45.033333,ADL4187557,35.150002,42.016666,ADL4103362,241,715,P000,tmcTRm1300_163a
Cesme,TR,sealoc18-tmc050503,GR,nkn,trd,sl,maj,A000,B000,C000,nkn,d000dd,nkn,t000t,1300,1600,QC4,Inalcik & Quartet 1997:220-221,26.3064,38.3228,www.fallingrain.com,26.3479,37.1751,OWT,2029,2547,P000,tmcTRm1300_164a
sealoc18-tmc050503,GR,sealoc19-tmc050503,GR,nkn,trd,sl,maj,A000,B000,C000,nkn,d000dd,nkn,t000t,1300,1600,QC4,Inalcik & Quartet 1997:220-221,26.3479,37.1751,OWT,27.3636,36.2389,OWT,2547,2548,P000,tmcTRm1300_165a
sealoc19-tmc050503,GR,Rhodes,GR,nkn,trd,sl,maj,A000,B000,C000,nkn,d000dd,nkn,t000t,1300,1600,QC4,Inalcik & Quartet 1997:220-221,27.3636,36.2389,OWT,28.217,36.433,TGN7011265,2548,138,P000,tmcTRm1300_166a
Rhodes,GR,sealoc21-tmc050503,TR,nkn,trd,sl,maj,A000,B000,C000,nkn,d000dd,nkn,t000t,1300,1600,QC4,Inalcik & Quartet 1997:220-221,28.217,36.433,TGN7011265,31.9913,35.7708,www.fallingrain.com,138,2510,P000,tmcTRm1300_167a
sealoc21-tmc050503,TR,sealoc22-tmc050503,CY,nkn,trd,sl,maj,A000,B000,C000,nkn,d000dd,nkn,t000t,1300,1600,QC4,Inalcik & Quartet 1997:220-221,31.9913,35.7708,www.fallingrain.com,34.6929,35.7123,www.fallingrain.com,2510,2549,P000,tmcTRm1300_168a
sealoc22-tmc050503,CY,Famagusta,CY,nkn,trd,sl,maj,A000,B000,C000,nkn,d000dd,nkn,t000t,1300,1600,QC4,Inalcik & Quartet 1997:220-221,34.6929,35.7123,www.fallingrain.com,33.95,35.125,www.fallingrain.com,2549,2498,P000,tmcTRm1300_169a
Famagusta,CY,Beirut,LB,nkn,trd,sl,maj,A000,B000,C000,nkn,d000dd,nkn,t000t,1300,1600,QC4,Inalcik & Quartet 1997:220-221,33.95,35.125,www.fallingrain.com,35.509724,33.871944,ADL2694488,2498,29,P000,tmcTRm1300_170a
Beirut,LB,sealoc23-tmc050503,EG,nkn,trd,sl,maj,A000,B000,C000,nkn,d000dd,nkn,t000t,1300,1600,QC4,Inalcik & Quartet 1997:220-221,35.509724,33.871944,ADL2694488,29.9,31.2,TGN,29,114,P000,tmcTRm1300_171a
Antalya,UA,sealoc21-tmc050503,TR,nkn,trd,sl,maj,A000,B000,C000,nkn,d000dd,nkn,t000t,1300,1600,QC4,Inalcik & Quartet 1997:220-221,30.7,36.8833,adlgaz-1-4067696-7e,31.9913,35.7708,www.fallingrain.com,2018,2510,P000,tmcTRm1300_172a
loc17-tmc050503,TR,loc18-tmc050503,TR,?Gemlik;?Yalova,trd,cd,maj,A000,B000,C000,nkn,d000dd,nkn,t000t,1300,1600,QC4,Inalcik 2000:map,29.1567,40.4331,www.fallingrain.com,29.2847,40.6536,www.fallingrain.com,2561,2562,P000,tmcTRm1300_173a
loc18-tmc050503,TR,loc19-tmc050503,TR,?Yalova;?Gebze,trd,sl,maj,A000,B000,C000,nkn,d000dd,nkn,t000t,1300,1600,QC4,Inalcik 2000:map,29.2847,40.6536,www.fallingrain.com,29.4306,40.7978,www.fallingrain.com,2562,2149,P000,tmcTRm1300_174a
loc19-tmc050503,TR,Izmit,TR,?Gebze,trd,cd,maj,A000,B000,C000,nkn,d000dd,nkn,t000t,1300,1600,QC4,Inalcik 2000:map,29.4306,40.7978,www.fallingrain.com,29.917,40.783,TGN,2149,74,P000,tmcTRm1300_175a
Kutahya,TR,Aksehir,TR,nkn,trd,cd,maj,A000,B000,C000,nkn,d000dd,nkn,t000t,1300,1600,QC4,Inalcik 2000:map,29.9833,39.4242,www.fallingrain.com,31.4164,38.3575,www.fallingrain.com,2507,2499,P000,tmcTRm1300_176a
